CODE,BASE_CURRENCY,QUOTE_CURRENCY
AEDAUD,AED,AUD
AEDBHD,AED,BHD
AEDCAD,AED,CAD
AEDCHF,AED,CHF
AEDDKK,AED,DKK
AEDEUR,AED,EUR
AEDGBP,AED,GBP
AEDINR,AED,INR
AEDJPY,AED,JPY
AEDNOK,AED,NOK
AEDNZD,AED,NZD
AEDPKR,AED,PKR
AEDSAR,AED,SAR
AEDSEK,AED,SEK
AEDUSD,AED,USD
AEDZAR,AED,ZAR
AFNGBP,AFN,GBP
ALLEUR,ALL,EUR
ALLGBP,ALL,GBP
ALLUSD,ALL,USD
AMDGBP,AMD,GBP
ARSAUD,ARS,AUD
ARSBRL,ARS,BRL
ARSCAD,ARS,CAD
ARSCHF,ARS,CHF
ARSCLP,ARS,CLP
ARSCOP,ARS,COP
ARSEUR,ARS,EUR
ARSGBP,ARS,GBP
ARSHKD,ARS,HKD
ARSJPY,ARS,JPY
ARSMXN,ARS,MXN
ARSPEN,ARS,PEN
ARSSGD,ARS,SGD
ARSUSD,ARS,USD
ARSZAR,ARS,ZAR
AUDAED,AUD,AED
AUDARS,AUD,ARS
AUDBGN,AUD,BGN
AUDBRL,AUD,BRL
AUDCAD,AUD,CAD
AUDCHF,AUD,CHF
AUDCLP,AUD,CLP
AUDCNH,AUD,CNH
AUDCNY,AUD,CNY
AUDCZK,AUD,CZK
AUDDKK,AUD,DKK
AUDEUR,AUD,EUR
AUDFJD,AUD,FJD
AUDGBP,AUD,GBP
AUDHKD,AUD,HKD
AUDHUF,AUD,HUF
AUDIDR,AUD,IDR
AUDILS,AUD,ILS
AUDINR,AUD,INR
AUDJPY,AUD,JPY
AUDKRW,AUD,KRW
AUDMAD,AUD,MAD
AUDMXN,AUD,MXN
AUDMYR,AUD,MYR
AUDNOK,AUD,NOK
AUDNZD,AUD,NZD
AUDPGK,AUD,PGK
AUDPHP,AUD,PHP
AUDPKR,AUD,PKR
AUDPLN,AUD,PLN
AUDSEK,AUD,SEK
AUDSGD,AUD,SGD
AUDTHB,AUD,THB
AUDTRY,AUD,TRY
AUDTWD,AUD,TWD
AUDUSD,AUD,USD
AUDZAR,AUD,ZAR
AWGGBP,AWG,GBP
AWGUSD,AWG,USD
BAMGBP,BAM,GBP
BAMUSD,BAM,USD
BBDEUR,BBD,EUR
BBDGBP,BBD,GBP
BBDUSD,BBD,USD
BDTGBP,BDT,GBP
BDTJPY,BDT,JPY
BDTUSD,BDT,USD
BGNAUD,BGN,AUD
BGNCAD,BGN,CAD
BGNCNY,BGN,CNY
BGNDKK,BGN,DKK
BGNUSD,BGN,USD
BHDEUR,BHD,EUR
BHDPKR,BHD,PKR
BHDUSD,BHD,USD
BIFUSD,BIF,USD
BMDBBD,BMD,BBD
BMDCAD,BMD,CAD
BMDEUR,BMD,EUR
BMDGBP,BMD,GBP
BMDKYD,BMD,KYD
BNDGBP,BND,GBP
BNDUSD,BND,USD
BOBGBP,BOB,GBP
BOBUSD,BOB,USD
BRLARS,BRL,ARS
BRLAUD,BRL,AUD
BRLCAD,BRL,CAD
BRLCHF,BRL,CHF
BRLCLP,BRL,CLP
BRLCNY,BRL,CNY
BRLCOP,BRL,COP
BRLDKK,BRL,DKK
BRLEUR,BRL,EUR
BRLHKD,BRL,HKD
BRLJPY,BRL,JPY
BRLKRW,BRL,KRW
BRLMXN,BRL,MXN
BRLPEN,BRL,PEN
BRLRSD,BRL,RSD
BRLRUB,BRL,RUB
BRLSEK,BRL,SEK
BRLSGD,BRL,SGD
BRLUSD,BRL,USD
BRLZAR,BRL,ZAR
BSDGBP,BSD,GBP
BSDUSD,BSD,USD
BTNGBP,BTN,GBP
BTNUSD,BTN,USD
BWPCHF,BWP,CHF
BWPEUR,BWP,EUR
BWPGBP,BWP,GBP
BWPUSD,BWP,USD
BWPZAR,BWP,ZAR
BZDUSD,BZD,USD
CADAED,CAD,AED
CADARS,CAD,ARS
CADAUD,CAD,AUD
CADBGN,CAD,BGN
CADBMD,CAD,BMD
CADBRL,CAD,BRL
CADCHF,CAD,CHF
CADCNH,CAD,CNH
CADCNY,CAD,CNY
CADCOP,CAD,COP
CADCZK,CAD,CZK
CADDKK,CAD,DKK
CADEUR,CAD,EUR
CADGBP,CAD,GBP
CADHKD,CAD,HKD
CADHUF,CAD,HUF
CADIDR,CAD,IDR
CADILS,CAD,ILS
CADINR,CAD,INR
CADJPY,CAD,JPY
CADKRW,CAD,KRW
CADKWD,CAD,KWD
CADKYD,CAD,KYD
CADMXN,CAD,MXN
CADMYR,CAD,MYR
CADNOK,CAD,NOK
CADNZD,CAD,NZD
CADPEN,CAD,PEN
CADPKR,CAD,PKR
CADPLN,CAD,PLN
CADRUB,CAD,RUB
CADSAR,CAD,SAR
CADSEK,CAD,SEK
CADSGD,CAD,SGD
CADTHB,CAD,THB
CADTRY,CAD,TRY
CADTWD,CAD,TWD
CADUSD,CAD,USD
CADVND,CAD,VND
CADZAR,CAD,ZAR
CDFGBP,CDF,GBP
CDFUSD,CDF,USD
CHFAED,CHF,AED
CHFARS,CHF,ARS
CHFAUD,CHF,AUD
CHFBRL,CHF,BRL
CHFBWP,CHF,BWP
CHFCAD,CHF,CAD
CHFCLP,CHF,CLP
CHFCNH,CHF,CNH
CHFCNY,CHF,CNY
CHFCZK,CHF,CZK
CHFDKK,CHF,DKK
CHFEUR,CHF,EUR
CHFGBP,CHF,GBP
CHFHKD,CHF,HKD
CHFHUF,CHF,HUF
CHFIDR,CHF,IDR
CHFILS,CHF,ILS
CHFINR,CHF,INR
CHFJPY,CHF,JPY
CHFKRW,CHF,KRW
CHFMXN,CHF,MXN
CHFMYR,CHF,MYR
CHFNOK,CHF,NOK
CHFNZD,CHF,NZD
CHFPKR,CHF,PKR
CHFPLN,CHF,PLN
CHFRON,CHF,RON
CHFRSD,CHF,RSD
CHFRUB,CHF,RUB
CHFSEK,CHF,SEK
CHFSGD,CHF,SGD
CHFSZL,CHF,SZL
CHFTHB,CHF,THB
CHFTRY,CHF,TRY
CHFTWD,CHF,TWD
CHFUSD,CHF,USD
CHFZAR,CHF,ZAR
CLPARS,CLP,ARS
CLPAUD,CLP,AUD
CLPBRL,CLP,BRL
CLPCHF,CLP,CHF
CLPCNY,CLP,CNY
CLPCOP,CLP,COP
CLPEUR,CLP,EUR
CLPGBP,CLP,GBP
CLPMXN,CLP,MXN
CLPPEN,CLP,PEN
CLPUSD,CLP,USD
CNHHKD,CNH,HKD
CNHIDR,CNH,IDR
CNHINR,CNH,INR
CNHJPY,CNH,JPY
CNHKRW,CNH,KRW
CNHPHP,CNH,PHP
CNHTHB,CNH,THB
CNHTWD,CNH,TWD
CNYAUD,CNY,AUD
CNYBGN,CNY,BGN
CNYBRL,CNY,BRL
CNYCAD,CNY,CAD
CNYCHF,CNY,CHF
CNYCLP,CNY,CLP
CNYDKK,CNY,DKK
CNYEUR,CNY,EUR
CNYGBP,CNY,GBP
CNYHKD,CNY,HKD
CNYINR,CNY,INR
CNYJPY,CNY,JPY
CNYKRW,CNY,KRW
CNYMYR,CNY,MYR
CNYNZD,CNY,NZD
CNYRUB,CNY,RUB
CNYSGD,CNY,SGD
CNYTWD,CNY,TWD
CNYUSD,CNY,USD
CNYZAR,CNY,ZAR
COPARS,COP,ARS
COPBRL,COP,BRL
COPCAD,COP,CAD
COPCLP,COP,CLP
COPDKK,COP,DKK
COPMXN,COP,MXN
COPUSD,COP,USD
COPZAR,COP,ZAR
CRCEUR,CRC,EUR
CRCGBP,CRC,GBP
CRCUSD,CRC,USD
CUPUSD,CUP,USD
CVEGBP,CVE,GBP
CVEUSD,CVE,USD
CZKCAD,CZK,CAD
CZKCHF,CZK,CHF
CZKDKK,CZK,DKK
CZKEUR,CZK,EUR
CZKJPY,CZK,JPY
CZKMXN,CZK,MXN
CZKNOK,CZK,NOK
CZKPLN,CZK,PLN
CZKSEK,CZK,SEK
CZKUSD,CZK,USD
CZKZAR,CZK,ZAR
DJFGBP,DJF,GBP
DJFUSD,DJF,USD
DKKAED,DKK,AED
DKKAUD,DKK,AUD
DKKBGN,DKK,BGN
DKKBRL,DKK,BRL
DKKCAD,DKK,CAD
DKKCHF,DKK,CHF
DKKCNY,DKK,CNY
DKKCOP,DKK,COP
DKKCZK,DKK,CZK
DKKEUR,DKK,EUR
DKKGBP,DKK,GBP
DKKHKD,DKK,HKD
DKKHUF,DKK,HUF
DKKINR,DKK,INR
DKKISK,DKK,ISK
DKKJPY,DKK,JPY
DKKMXN,DKK,MXN
DKKMYR,DKK,MYR
DKKNOK,DKK,NOK
DKKNZD,DKK,NZD
DKKPHP,DKK,PHP
DKKPKR,DKK,PKR
DKKPLN,DKK,PLN
DKKRUB,DKK,RUB
DKKSEK,DKK,SEK
DKKSGD,DKK,SGD
DKKTHB,DKK,THB
DKKTRY,DKK,TRY
DKKTWD,DKK,TWD
DKKUAH,DKK,UAH
DKKUSD,DKK,USD
DKKZAR,DKK,ZAR
DOPGBP,DOP,GBP
DOPUSD,DOP,USD
DZDEUR,DZD,EUR
DZDUSD,DZD,USD
ECBAUD,ECB,AUD
ECBBGN,ECB,BGN
ECBBRL,ECB,BRL
ECBCAD,ECB,CAD
ECBCHF,ECB,CHF
ECBCNY,ECB,CNY
ECBCZK,ECB,CZK
ECBDKK,ECB,DKK
ECBGBP,ECB,GBP
ECBHKD,ECB,HKD
ECBHUF,ECB,HUF
ECBIDR,ECB,IDR
ECBILS,ECB,ILS
ECBINR,ECB,INR
ECBISK,ECB,ISK
ECBJPY,ECB,JPY
ECBKRW,ECB,KRW
ECBMXN,ECB,MXN
ECBMYR,ECB,MYR
ECBNOK,ECB,NOK
ECBNZD,ECB,NZD
ECBPHP,ECB,PHP
ECBPLN,ECB,PLN
ECBRON,ECB,RON
ECBSEK,ECB,SEK
ECBSGD,ECB,SGD
ECBTHB,ECB,THB
ECBTRY,ECB,TRY
ECBUSD,ECB,USD
ECBZAR,ECB,ZAR
EGPBRL,EGP,BRL
EGPEUR,EGP,EUR
EGPJPY,EGP,JPY
EGPPKR,EGP,PKR
EGPUSD,EGP,USD
EGPZAR,EGP,ZAR
ETBGBP,ETB,GBP
ETBUSD,ETB,USD
EURAED,EUR,AED
EURAFN,EUR,AFN
EURALL,EUR,ALL
EURAMD,EUR,AMD
EURARS,EUR,ARS
EURAUD,EUR,AUD
EURBAM,EUR,BAM
EURBBD,EUR,BBD
EURBDT,EUR,BDT
EURBGN,EUR,BGN
EURBHD,EUR,BHD
EURBIF,EUR,BIF
EURBMD,EUR,BMD
EURBND,EUR,BND
EURBOB,EUR,BOB
EURBRL,EUR,BRL
EURBRP,EUR,BRP
EURBSD,EUR,BSD
EURBTN,EUR,BTN
EURBWP,EUR,BWP
EURBZD,EUR,BZD
EURCAD,EUR,CAD
EURCDF,EUR,CDF
EURCHF,EUR,CHF
EURCLP,EUR,CLP
EURCNH,EUR,CNH
EURCNY,EUR,CNY
EURCOP,EUR,COP
EURCRC,EUR,CRC
EURCUP,EUR,CUP
EURCVE,EUR,CVE
EURCZK,EUR,CZK
EURDJF,EUR,DJF
EURDKK,EUR,DKK
EURDOP,EUR,DOP
EURDZD,EUR,DZD
EUREGP,EUR,EGP
EURETB,EUR,ETB
EURFJD,EUR,FJD
EURGBP,EUR,GBP
EURGHS,EUR,GHS
EURGMD,EUR,GMD
EURGNF,EUR,GNF
EURGTQ,EUR,GTQ
EURGYD,EUR,GYD
EURHKD,EUR,HKD
EURHNL,EUR,HNL
EURHTG,EUR,HTG
EURHUF,EUR,HUF
EURHUY,EUR,HUY
EURIDR,EUR,IDR
EURILS,EUR,ILS
EURINR,EUR,INR
EURIQD,EUR,IQD
EURISK,EUR,ISK
EURJMD,EUR,JMD
EURJOD,EUR,JOD
EURJPY,EUR,JPY
EURKES,EUR,KES
EURKHR,EUR,KHR
EURKRW,EUR,KRW
EURKWD,EUR,KWD
EURKYD,EUR,KYD
EURKZT,EUR,KZT
EURLAK,EUR,LAK
EURLBP,EUR,LBP
EURLKR,EUR,LKR
EURLRD,EUR,LRD
EURLSL,EUR,LSL
EURLYD,EUR,LYD
EURMAD,EUR,MAD
EURMDL,EUR,MDL
EURMGA,EUR,MGA
EURMKD,EUR,MKD
EURMOP,EUR,MOP
EURMUR,EUR,MUR
EURMVR,EUR,MVR
EURMWK,EUR,MWK
EURMXN,EUR,MXN
EURMYR,EUR,MYR
EURNAD,EUR,NAD
EURNGN,EUR,NGN
EURNIO,EUR,NIO
EURNOK,EUR,NOK
EURNPR,EUR,NPR
EURNZD,EUR,NZD
EUROMR,EUR,OMR
EURPAB,EUR,PAB
EURPEN,EUR,PEN
EURPGK,EUR,PGK
EURPHP,EUR,PHP
EURPKR,EUR,PKR
EURPLN,EUR,PLN
EURPYG,EUR,PYG
EURQAR,EUR,QAR
EURRON,EUR,RON
EURRSD,EUR,RSD
EURRUB,EUR,RUB
EURRWF,EUR,RWF
EURSAR,EUR,SAR
EURSCR,EUR,SCR
EURSDG,EUR,SDG
EURSEK,EUR,SEK
EURSGD,EUR,SGD
EURSOS,EUR,SOS
EURSVC,EUR,SVC
EURSZL,EUR,SZL
EURTHB,EUR,THB
EURTJS,EUR,TJS
EURTND,EUR,TND
EURTRY,EUR,TRY
EURTTD,EUR,TTD
EURTWD,EUR,TWD
EURTZS,EUR,TZS
EURUAH,EUR,UAH
EURUGX,EUR,UGX
EURUSD,EUR,USD
EURUYU,EUR,UYU
EURUZS,EUR,UZS
EURVND,EUR,VND
EURXAF,EUR,XAF
EURXDR,EUR,XDR
EURXOF,EUR,XOF
EURXPF,EUR,XPF
EURYER,EUR,YER
EURZAR,EUR,ZAR
EURZMW,EUR,ZMW
FJDGBP,FJD,GBP
FJDUSD,FJD,USD
GBPAED,GBP,AED
GBPAFN,GBP,AFN
GBPALL,GBP,ALL
GBPAMD,GBP,AMD
GBPARS,GBP,ARS
GBPAUD,GBP,AUD
GBPAWG,GBP,AWG
GBPBAM,GBP,BAM
GBPBBD,GBP,BBD
GBPBDT,GBP,BDT
GBPBGN,GBP,BGN
GBPBHD,GBP,BHD
GBPBIF,GBP,BIF
GBPBMD,GBP,BMD
GBPBND,GBP,BND
GBPBOB,GBP,BOB
GBPBRL,GBP,BRL
GBPBSD,GBP,BSD
GBPBTN,GBP,BTN
GBPBWP,GBP,BWP
GBPBZD,GBP,BZD
GBPCAD,GBP,CAD
GBPCDF,GBP,CDF
GBPCHF,GBP,CHF
GBPCLP,GBP,CLP
GBPCNH,GBP,CNH
GBPCNY,GBP,CNY
GBPCOP,GBP,COP
GBPCRC,GBP,CRC
GBPCUP,GBP,CUP
GBPCVE,GBP,CVE
GBPCZK,GBP,CZK
GBPDJF,GBP,DJF
GBPDKK,GBP,DKK
GBPDOP,GBP,DOP
GBPDZD,GBP,DZD
GBPEGP,GBP,EGP
GBPETB,GBP,ETB
GBPEUR,GBP,EUR
GBPFJD,GBP,FJD
GBPGHS,GBP,GHS
GBPGMD,GBP,GMD
GBPGNF,GBP,GNF
GBPGTQ,GBP,GTQ
GBPGYD,GBP,GYD
GBPHKD,GBP,HKD
GBPHNL,GBP,HNL
GBPHTG,GBP,HTG
GBPHUF,GBP,HUF
GBPIDR,GBP,IDR
GBPILS,GBP,ILS
GBPINR,GBP,INR
GBPIQD,GBP,IQD
GBPISK,GBP,ISK
GBPJMD,GBP,JMD
GBPJOD,GBP,JOD
GBPJPY,GBP,JPY
GBPKES,GBP,KES
GBPKHR,GBP,KHR
GBPKMF,GBP,KMF
GBPKRW,GBP,KRW
GBPKWD,GBP,KWD
GBPKYD,GBP,KYD
GBPKZT,GBP,KZT
GBPLAK,GBP,LAK
GBPLBP,GBP,LBP
GBPLKR,GBP,LKR
GBPLRD,GBP,LRD
GBPLSL,GBP,LSL
GBPLYD,GBP,LYD
GBPMAD,GBP,MAD
GBPMDL,GBP,MDL
GBPMGA,GBP,MGA
GBPMKD,GBP,MKD
GBPMOP,GBP,MOP
GBPMUR,GBP,MUR
GBPMVR,GBP,MVR
GBPMWK,GBP,MWK
GBPMXN,GBP,MXN
GBPMYR,GBP,MYR
GBPNGN,GBP,NGN
GBPNIO,GBP,NIO
GBPNOK,GBP,NOK
GBPNPR,GBP,NPR
GBPNZD,GBP,NZD
GBPOMR,GBP,OMR
GBPPAB,GBP,PAB
GBPPEN,GBP,PEN
GBPPGK,GBP,PGK
GBPPHP,GBP,PHP
GBPPKR,GBP,PKR
GBPPLN,GBP,PLN
GBPPYG,GBP,PYG
GBPQAR,GBP,QAR
GBPRON,GBP,RON
GBPRSD,GBP,RSD
GBPRUB,GBP,RUB
GBPRWF,GBP,RWF
GBPSAR,GBP,SAR
GBPSCR,GBP,SCR
GBPSEK,GBP,SEK
GBPSGD,GBP,SGD
GBPSOS,GBP,SOS
GBPSVC,GBP,SVC
GBPSZL,GBP,SZL
GBPTHB,GBP,THB
GBPTND,GBP,TND
GBPTRY,GBP,TRY
GBPTTD,GBP,TTD
GBPTWD,GBP,TWD
GBPTZS,GBP,TZS
GBPUAH,GBP,UAH
GBPUGX,GBP,UGX
GBPUSD,GBP,USD
GBPUYU,GBP,UYU
GBPVND,GBP,VND
GBPXAF,GBP,XAF
GBPXOF,GBP,XOF
GBPXPF,GBP,XPF
GBPYER,GBP,YER
GBPZAR,GBP,ZAR
GBPZMW,GBP,ZMW
GHSEUR,GHS,EUR
GHSGBP,GHS,GBP
GHSUSD,GHS,USD
GHSZAR,GHS,ZAR
GMDGBP,GMD,GBP
GMDUSD,GMD,USD
GNFGBP,GNF,GBP
GNFUSD,GNF,USD
GTQGBP,GTQ,GBP
GTQUSD,GTQ,USD
GYDGBP,GYD,GBP
GYDUSD,GYD,USD
HKDARS,HKD,ARS
HKDAUD,HKD,AUD
HKDBRL,HKD,BRL
HKDCAD,HKD,CAD
HKDCHF,HKD,CHF
HKDCNY,HKD,CNY
HKDDKK,HKD,DKK
HKDEUR,HKD,EUR
HKDGBP,HKD,GBP
HKDIDR,HKD,IDR
HKDINR,HKD,INR
HKDJPY,HKD,JPY
HKDKRW,HKD,KRW
HKDMXN,HKD,MXN
HKDMYR,HKD,MYR
HKDNZD,HKD,NZD
HKDPKR,HKD,PKR
HKDPLN,HKD,PLN
HKDSEK,HKD,SEK
HKDSGD,HKD,SGD
HKDTHB,HKD,THB
HKDTWD,HKD,TWD
HKDUSD,HKD,USD
HKDZAR,HKD,ZAR
HNLGBP,HNL,GBP
HNLUSD,HNL,USD
HTGGBP,HTG,GBP
HTGUSD,HTG,USD
HUFBRL,HUF,BRL
HUFCAD,HUF,CAD
HUFCHF,HUF,CHF
HUFDKK,HUF,DKK
HUFEUR,HUF,EUR
HUFPLN,HUF,PLN
HUFUSD,HUF,USD
HUFZAR,HUF,ZAR
IDRAUD,IDR,AUD
IDRCAD,IDR,CAD
IDRCHF,IDR,CHF
IDRCNY,IDR,CNY
IDREUR,IDR,EUR
IDRGBP,IDR,GBP
IDRHKD,IDR,HKD
IDRINR,IDR,INR
IDRJPY,IDR,JPY
IDRKRW,IDR,KRW
IDRMYR,IDR,MYR
IDRNZD,IDR,NZD
IDRSGD,IDR,SGD
IDRTHB,IDR,THB
IDRTWD,IDR,TWD
IDRUSD,IDR,USD
IDRZAR,IDR,ZAR
ILSAED,ILS,AED
ILSAUD,ILS,AUD
ILSCAD,ILS,CAD
ILSCHF,ILS,CHF
ILSEUR,ILS,EUR
ILSGBP,ILS,GBP
ILSJOD,ILS,JOD
ILSJPY,ILS,JPY
ILSNOK,ILS,NOK
ILSPLN,ILS,PLN
ILSSEK,ILS,SEK
ILSUSD,ILS,USD
ILSZAR,ILS,ZAR
INRAUD,INR,AUD
INRCAD,INR,CAD
INRCHF,INR,CHF
INRCNY,INR,CNY
INREUR,INR,EUR
INRGBP,INR,GBP
INRHKD,INR,HKD
INRJPY,INR,JPY
INRKRW,INR,KRW
INRMYR,INR,MYR
INRNZD,INR,NZD
INRPKR,INR,PKR
INRSEK,INR,SEK
INRSGD,INR,SGD
INRTHB,INR,THB
INRTWD,INR,TWD
INRUSD,INR,USD
INRZAR,INR,ZAR
IQDGBP,IQD,GBP
IQDUSD,IQD,USD
ISKCHF,ISK,CHF
ISKDKK,ISK,DKK
ISKGBP,ISK,GBP
ISKUSD,ISK,USD
JMDEUR,JMD,EUR
JMDGBP,JMD,GBP
JMDUSD,JMD,USD
JODAED,JOD,AED
JODEUR,JOD,EUR
JODILS,JOD,ILS
JODUSD,JOD,USD
JPYAED,JPY,AED
JPYARS,JPY,ARS
JPYAUD,JPY,AUD
JPYBRL,JPY,BRL
JPYCAD,JPY,CAD
JPYCHF,JPY,CHF
JPYCLP,JPY,CLP
JPYCNY,JPY,CNY
JPYCZK,JPY,CZK
JPYDKK,JPY,DKK
JPYEUR,JPY,EUR
JPYGBP,JPY,GBP
JPYHKD,JPY,HKD
JPYIDR,JPY,IDR
JPYILS,JPY,ILS
JPYINR,JPY,INR
JPYKRW,JPY,KRW
JPYMXN,JPY,MXN
JPYMYR,JPY,MYR
JPYNOK,JPY,NOK
JPYNZD,JPY,NZD
JPYPKR,JPY,PKR
JPYPLN,JPY,PLN
JPYRSD,JPY,RSD
JPYRUB,JPY,RUB
JPYSAR,JPY,SAR
JPYSEK,JPY,SEK
JPYTHB,JPY,THB
JPYTWD,JPY,TWD
JPYUSD,JPY,USD
JPYZAR,JPY,ZAR
KESUSD,KES,USD
KESZAR,KES,ZAR
KHRGBP,KHR,GBP
KHRUSD,KHR,USD
KMFGBP,KMF,GBP
KMFUSD,KMF,USD
KRWAUD,KRW,AUD
KRWBRL,KRW,BRL
KRWCAD,KRW,CAD
KRWCHF,KRW,CHF
KRWCNY,KRW,CNY
KRWEUR,KRW,EUR
KRWGBP,KRW,GBP
KRWHKD,KRW,HKD
KRWIDR,KRW,IDR
KRWINR,KRW,INR
KRWJPY,KRW,JPY
KRWMYR,KRW,MYR
KRWNZD,KRW,NZD
KRWRUB,KRW,RUB
KRWSEK,KRW,SEK
KRWSGD,KRW,SGD
KRWTHB,KRW,THB
KRWTWD,KRW,TWD
KRWUSD,KRW,USD
KRWZAR,KRW,ZAR
KWDAED,KWD,AED
KWDEUR,KWD,EUR
KWDGBP,KWD,GBP
KWDPKR,KWD,PKR
KWDUSD,KWD,USD
KYDBMD,KYD,BMD
KYDCAD,KYD,CAD
KYDEUR,KYD,EUR
KYDGBP,KYD,GBP
KYDUSD,KYD,USD
KZTGBP,KZT,GBP
KZTUSD,KZT,USD
LAKGBP,LAK,GBP
LAKUSD,LAK,USD
LBPUSD,LBP,USD
LKRGBP,LKR,GBP
LKRUSD,LKR,USD
LKRZAR,LKR,ZAR
LRDGBP,LRD,GBP
LRDUSD,LRD,USD
LSLGBP,LSL,GBP
LSLUSD,LSL,USD
LYDGBP,LYD,GBP
LYDUSD,LYD,USD
MADAUD,MAD,AUD
MADGBP,MAD,GBP
MADUSD,MAD,USD
MADZAR,MAD,ZAR
MDLEUR,MDL,EUR
MDLGBP,MDL,GBP
MDLUSD,MDL,USD
MGAGBP,MGA,GBP
MGAUSD,MGA,USD
MKDGBP,MKD,GBP
MKDUSD,MKD,USD
MOPUSD,MOP,USD
MUREUR,MUR,EUR
MURGBP,MUR,GBP
MURUSD,MUR,USD
MURZAR,MUR,ZAR
MVRUSD,MVR,USD
MWKGBP,MWK,GBP
MWKUSD,MWK,USD
MWKZAR,MWK,ZAR
MXNARS,MXN,ARS
MXNAUD,MXN,AUD
MXNBRL,MXN,BRL
MXNCAD,MXN,CAD
MXNCHF,MXN,CHF
MXNCLP,MXN,CLP
MXNCOP,MXN,COP
MXNCZK,MXN,CZK
MXNDKK,MXN,DKK
MXNEUR,MXN,EUR
MXNGBP,MXN,GBP
MXNHKD,MXN,HKD
MXNJPY,MXN,JPY
MXNPEN,MXN,PEN
MXNPLN,MXN,PLN
MXNRUB,MXN,RUB
MXNSGD,MXN,SGD
MXNUSD,MXN,USD
MXNZAR,MXN,ZAR
MYRAUD,MYR,AUD
MYRBRL,MYR,BRL
MYRCAD,MYR,CAD
MYRCHF,MYR,CHF
MYRCNH,MYR,CNH
MYRCNY,MYR,CNY
MYRDKK,MYR,DKK
MYREUR,MYR,EUR
MYRGBP,MYR,GBP
MYRHKD,MYR,HKD
MYRIDR,MYR,IDR
MYRINR,MYR,INR
MYRJPY,MYR,JPY
MYRKRW,MYR,KRW
MYRNZD,MYR,NZD
MYRPKR,MYR,PKR
MYRSGD,MYR,SGD
MYRTHB,MYR,THB
MYRTWD,MYR,TWD
MYRUSD,MYR,USD
MYRZAR,MYR,ZAR
MZNUSD,MZN,USD
NADUSD,NAD,USD
NGNGBP,NGN,GBP
NGNJPY,NGN,JPY
NGNUSD,NGN,USD
NGNZAR,NGN,ZAR
NIOGBP,NIO,GBP
NIOUSD,NIO,USD
NOKAED,NOK,AED
NOKBRL,NOK,BRL
NOKCAD,NOK,CAD
NOKCHF,NOK,CHF
NOKCNH,NOK,CNH
NOKDKK,NOK,DKK
NOKEUR,NOK,EUR
NOKGBP,NOK,GBP
NOKILS,NOK,ILS
NOKINR,NOK,INR
NOKJPY,NOK,JPY
NOKPLN,NOK,PLN
NOKRUB,NOK,RUB
NOKSEK,NOK,SEK
NOKUSD,NOK,USD
NOKZAR,NOK,ZAR
NPRGBP,NPR,GBP
NPRUSD,NPR,USD
NZDAED,NZD,AED
NZDAUD,NZD,AUD
NZDBRL,NZD,BRL
NZDCAD,NZD,CAD
NZDCHF,NZD,CHF
NZDCNH,NZD,CNH
NZDCNY,NZD,CNY
NZDCZK,NZD,CZK
NZDDKK,NZD,DKK
NZDEUR,NZD,EUR
NZDGBP,NZD,GBP
NZDHKD,NZD,HKD
NZDHUF,NZD,HUF
NZDIDR,NZD,IDR
NZDINR,NZD,INR
NZDJPY,NZD,JPY
NZDKRW,NZD,KRW
NZDMXN,NZD,MXN
NZDMYR,NZD,MYR
NZDNOK,NZD,NOK
NZDPKR,NZD,PKR
NZDPLN,NZD,PLN
NZDSEK,NZD,SEK
NZDSGD,NZD,SGD
NZDTHB,NZD,THB
NZDTRY,NZD,TRY
NZDTWD,NZD,TWD
NZDUSD,NZD,USD
NZDZAR,NZD,ZAR
OMRAED,OMR,AED
OMRGBP,OMR,GBP
OMRPKR,OMR,PKR
OMRUSD,OMR,USD
OMRZAR,OMR,ZAR
PABUSD,PAB,USD
PENARS,PEN,ARS
PENBRL,PEN,BRL
PENCAD,PEN,CAD
PENCLP,PEN,CLP
PENCOP,PEN,COP
PENEUR,PEN,EUR
PENGBP,PEN,GBP
PENMXN,PEN,MXN
PENUSD,PEN,USD
PGKAUD,PGK,AUD
PGKGBP,PGK,GBP
PGKUSD,PGK,USD
PHPDKK,PHP,DKK
PHPGBP,PHP,GBP
PHPJPY,PHP,JPY
PHPUSD,PHP,USD
PKREUR,PKR,EUR
PKRGBP,PKR,GBP
PKRJPY,PKR,JPY
PKRUSD,PKR,USD
PKRZAR,PKR,ZAR
PLNBRL,PLN,BRL
PLNCHF,PLN,CHF
PLNCZK,PLN,CZK
PLNDKK,PLN,DKK
PLNEUR,PLN,EUR
PLNGBP,PLN,GBP
PLNHUF,PLN,HUF
PLNILS,PLN,ILS
PLNJPY,PLN,JPY
PLNMXN,PLN,MXN
PLNNOK,PLN,NOK
PLNSEK,PLN,SEK
PLNUSD,PLN,USD
PYGUSD,PYG,USD
QARAED,QAR,AED
QARGBP,QAR,GBP
QARPKR,QAR,PKR
QARUSD,QAR,USD
QARZAR,QAR,ZAR
RONCHF,RON,CHF
RONGBP,RON,GBP
RONUSD,RON,USD
RONZAR,RON,ZAR
RSDGBP,RSD,GBP
RSDUSD,RSD,USD
RUBBRL,RUB,BRL
RUBCAD,RUB,CAD
RUBCHF,RUB,CHF
RUBDKK,RUB,DKK
RUBEUR,RUB,EUR
RUBGBP,RUB,GBP
RUBJPY,RUB,JPY
RUBKRW,RUB,KRW
RUBMXN,RUB,MXN
RUBNOK,RUB,NOK
RUBPLN,RUB,PLN
RUBSEK,RUB,SEK
RUBUSD,RUB,USD
RUBZAR,RUB,ZAR
RWFGBP,RWF,GBP
RWFUSD,RWF,USD
RWFZAR,RWF,ZAR
SAREUR,SAR,EUR
SARJPY,SAR,JPY
SARKWD,SAR,KWD
SARPKR,SAR,PKR
SARUSD,SAR,USD
SCRGBP,SCR,GBP
SCRUSD,SCR,USD
SEKAUD,SEK,AUD
SEKBRL,SEK,BRL
SEKCAD,SEK,CAD
SEKCHF,SEK,CHF
SEKCNH,SEK,CNH
SEKCZK,SEK,CZK
SEKDKK,SEK,DKK
SEKEUR,SEK,EUR
SEKGBP,SEK,GBP
SEKILS,SEK,ILS
SEKINR,SEK,INR
SEKJPY,SEK,JPY
SEKNOK,SEK,NOK
SEKPLN,SEK,PLN
SEKRUB,SEK,RUB
SEKUSD,SEK,USD
SEKZAR,SEK,ZAR
SGDAED,SGD,AED
SGDARS,SGD,ARS
SGDAUD,SGD,AUD
SGDBRL,SGD,BRL
SGDCAD,SGD,CAD
SGDCHF,SGD,CHF
SGDCNH,SGD,CNH
SGDCNY,SGD,CNY
SGDDKK,SGD,DKK
SGDEUR,SGD,EUR
SGDGBP,SGD,GBP
SGDHKD,SGD,HKD
SGDIDR,SGD,IDR
SGDINR,SGD,INR
SGDJPY,SGD,JPY
SGDKRW,SGD,KRW
SGDMXN,SGD,MXN
SGDMYR,SGD,MYR
SGDNOK,SGD,NOK
SGDNZD,SGD,NZD
SGDPKR,SGD,PKR
SGDPLN,SGD,PLN
SGDSEK,SGD,SEK
SGDTHB,SGD,THB
SGDTRY,SGD,TRY
SGDTWD,SGD,TWD
SGDUSD,SGD,USD
SGDZAR,SGD,ZAR
SHPUSD,SHP,USD
SOSGBP,SOS,GBP
SOSUSD,SOS,USD
SUSDCN,SUS,DCN
SVCGBP,SVC,GBP
SVCUSD,SVC,USD
SZLCHF,SZL,CHF
SZLEUR,SZL,EUR
SZLGBP,SZL,GBP
SZLUSD,SZL,USD
SZLZAR,SZL,ZAR
THBAUD,THB,AUD
THBCAD,THB,CAD
THBCHF,THB,CHF
THBCNY,THB,CNY
THBEUR,THB,EUR
THBGBP,THB,GBP
THBHKD,THB,HKD
THBIDR,THB,IDR
THBINR,THB,INR
THBJPY,THB,JPY
THBKRW,THB,KRW
THBMYR,THB,MYR
THBNZD,THB,NZD
THBPKR,THB,PKR
THBSGD,THB,SGD
THBTWD,THB,TWD
THBUSD,THB,USD
THBZAR,THB,ZAR
TJSUSD,TJS,USD
TMTUSD,TMT,USD
TNDGBP,TND,GBP
TNDUSD,TND,USD
TNDZAR,TND,ZAR
TRYCHF,TRY,CHF
TRYDKK,TRY,DKK
TRYJPY,TRY,JPY
TRYPLN,TRY,PLN
TRYSGD,TRY,SGD
TRYUSD,TRY,USD
TRYZAR,TRY,ZAR
TTDGBP,TTD,GBP
TTDUSD,TTD,USD
TWDAUD,TWD,AUD
TWDCAD,TWD,CAD
TWDCHF,TWD,CHF
TWDCNY,TWD,CNY
TWDDKK,TWD,DKK
TWDEUR,TWD,EUR
TWDGBP,TWD,GBP
TWDHKD,TWD,HKD
TWDIDR,TWD,IDR
TWDINR,TWD,INR
TWDJPY,TWD,JPY
TWDKRW,TWD,KRW
TWDMYR,TWD,MYR
TWDNZD,TWD,NZD
TWDPKR,TWD,PKR
TWDSEK,TWD,SEK
TWDSGD,TWD,SGD
TWDTHB,TWD,THB
TWDUSD,TWD,USD
TWDZAR,TWD,ZAR
TZSGBP,TZS,GBP
TZSUSD,TZS,USD
TZSZAR,TZS,ZAR
UAHDKK,UAH,DKK
UAHEUR,UAH,EUR
UAHUSD,UAH,USD
UGXUSD,UGX,USD
UGXZAR,UGX,ZAR
USDAED,USD,AED
USDAFN,USD,AFN
USDALL,USD,ALL
USDAMD,USD,AMD
USDARS,USD,ARS
USDAUD,USD,AUD
USDAWG,USD,AWG
USDBAM,USD,BAM
USDBBD,USD,BBD
USDBDT,USD,BDT
USDBGN,USD,BGN
USDBHD,USD,BHD
USDBIF,USD,BIF
USDBMD,USD,BMD
USDBND,USD,BND
USDBOB,USD,BOB
USDBOC,USD,BOC
USDBRL,USD,BRL
USDBRP,USD,BRP
USDBSD,USD,BSD
USDBWP,USD,BWP
USDBZD,USD,BZD
USDCAD,USD,CAD
USDCDF,USD,CDF
USDCHF,USD,CHF
USDCLP,USD,CLP
USDCNH,USD,CNH
USDCNY,USD,CNY
USDCOP,USD,COP
USDCRC,USD,CRC
USDCUP,USD,CUP
USDCVE,USD,CVE
USDCZK,USD,CZK
USDDJF,USD,DJF
USDDKK,USD,DKK
USDDOP,USD,DOP
USDDZD,USD,DZD
USDEGP,USD,EGP
USDETB,USD,ETB
USDEUR,USD,EUR
USDFJD,USD,FJD
USDGBP,USD,GBP
USDGEL,USD,GEL
USDGHS,USD,GHS
USDGMD,USD,GMD
USDGNF,USD,GNF
USDGTQ,USD,GTQ
USDGYD,USD,GYD
USDHKD,USD,HKD
USDHNL,USD,HNL
USDHTG,USD,HTG
USDHUF,USD,HUF
USDHUY,USD,HUY
USDIDR,USD,IDR
USDILS,USD,ILS
USDINR,USD,INR
USDIQD,USD,IQD
USDIRR,USD,IRR
USDISK,USD,ISK
USDJMD,USD,JMD
USDJOD,USD,JOD
USDJPY,USD,JPY
USDKES,USD,KES
USDKGS,USD,KGS
USDKHR,USD,KHR
USDKMF,USD,KMF
USDKRW,USD,KRW
USDKWD,USD,KWD
USDKYD,USD,KYD
USDKZT,USD,KZT
USDLAK,USD,LAK
USDLBP,USD,LBP
USDLKR,USD,LKR
USDLRD,USD,LRD
USDLSL,USD,LSL
USDLYD,USD,LYD
USDMAD,USD,MAD
USDMDL,USD,MDL
USDMGA,USD,MGA
USDMKD,USD,MKD
USDMOP,USD,MOP
USDMUR,USD,MUR
USDMVR,USD,MVR
USDMWK,USD,MWK
USDMXN,USD,MXN
USDMYR,USD,MYR
USDMZN,USD,MZN
USDNAD,USD,NAD
USDNGN,USD,NGN
USDNIO,USD,NIO
USDNOK,USD,NOK
USDNPR,USD,NPR
USDNZD,USD,NZD
USDOMR,USD,OMR
USDPAB,USD,PAB
USDPEN,USD,PEN
USDPGK,USD,PGK
USDPHP,USD,PHP
USDPKR,USD,PKR
USDPLN,USD,PLN
USDPYG,USD,PYG
USDQAR,USD,QAR
USDRON,USD,RON
USDRSD,USD,RSD
USDRUB,USD,RUB
USDRWF,USD,RWF
USDSAR,USD,SAR
USDSCR,USD,SCR
USDSDG,USD,SDG
USDSEK,USD,SEK
USDSGD,USD,SGD
USDSOS,USD,SOS
USDSVC,USD,SVC
USDSZL,USD,SZL
USDTHB,USD,THB
USDTJS,USD,TJS
USDTMT,USD,TMT
USDTND,USD,TND
USDTRY,USD,TRY
USDTTD,USD,TTD
USDTWD,USD,TWD
USDTZS,USD,TZS
USDUAH,USD,UAH
USDUGX,USD,UGX
USDUYU,USD,UYU
USDUZS,USD,UZS
USDVES,USD,VES
USDVND,USD,VND
USDXAF,USD,XAF
USDXCD,USD,XCD
USDXOF,USD,XOF
USDXPF,USD,XPF
USDYER,USD,YER
USDZAR,USD,ZAR
USDZMW,USD,ZMW
UYUEUR,UYU,EUR
UYUGBP,UYU,GBP
UYUUSD,UYU,USD
UZSUSD,UZS,USD
VESEUR,VES,EUR
VESGBP,VES,GBP
VESUSD,VES,USD
VNDCAD,VND,CAD
VNDEUR,VND,EUR
VNDGBP,VND,GBP
VNDJPY,VND,JPY
VNDUSD,VND,USD
VNDXAF,VND,XAF
XAFUSD,XAF,USD
XAGARS,XAG,ARS
XAGAUD,XAG,AUD
XAGBRL,XAG,BRL
XAGCAD,XAG,CAD
XAGCNY,XAG,CNY
XAGEUR,XAG,EUR
XAGGBP,XAG,GBP
XAGINR,XAG,INR
XAGJPY,XAG,JPY
XAGKRW,XAG,KRW
XAGMXN,XAG,MXN
XAGRUB,XAG,RUB
XAGSAR,XAG,SAR
XAGTRY,XAG,TRY
XAGUSD,XAG,USD
XAGZAR,XAG,ZAR
XAUARS,XAU,ARS
XAUAUD,XAU,AUD
XAUBRL,XAU,BRL
XAUCAD,XAU,CAD
XAUCNY,XAU,CNY
XAUEUR,XAU,EUR
XAUGBP,XAU,GBP
XAUINR,XAU,INR
XAUJPY,XAU,JPY
XAUMXN,XAU,MXN
XAURUB,XAU,RUB
XAUSAR,XAU,SAR
XAUUSD,XAU,USD
XAUZAR,XAU,ZAR
XOFUSD,XOF,USD
XPFGBP,XPF,GBP
XPFUSD,XPF,USD
YERGBP,YER,GBP
YERUSD,YER,USD
ZARAED,ZAR,AED
ZARARS,ZAR,ARS
ZARAUD,ZAR,AUD
ZARBRL,ZAR,BRL
ZARBWP,ZAR,BWP
ZARCAD,ZAR,CAD
ZARCHF,ZAR,CHF
ZARCNY,ZAR,CNY
ZARCOP,ZAR,COP
ZARCZK,ZAR,CZK
ZARDKK,ZAR,DKK
ZAREGP,ZAR,EGP
ZAREUR,ZAR,EUR
ZARGBP,ZAR,GBP
ZARGHS,ZAR,GHS
ZARHKD,ZAR,HKD
ZARHUF,ZAR,HUF
ZARIDR,ZAR,IDR
ZARILS,ZAR,ILS
ZARINR,ZAR,INR
ZARJPY,ZAR,JPY
ZARKES,ZAR,KES
ZARKRW,ZAR,KRW
ZARLKR,ZAR,LKR
ZARLSL,ZAR,LSL
ZARMAD,ZAR,MAD
ZARMUR,ZAR,MUR
ZARMWK,ZAR,MWK
ZARMXN,ZAR,MXN
ZARMYR,ZAR,MYR
ZARNAD,ZAR,NAD
ZARNGN,ZAR,NGN
ZARNOK,ZAR,NOK
ZARNZD,ZAR,NZD
ZAROMR,ZAR,OMR
ZARPHP,ZAR,PHP
ZARPKR,ZAR,PKR
ZARPLN,ZAR,PLN
ZARRON,ZAR,RON
ZARRUB,ZAR,RUB
ZARRWF,ZAR,RWF
ZARSEK,ZAR,SEK
ZARSGD,ZAR,SGD
ZARSZL,ZAR,SZL
ZARTHB,ZAR,THB
ZARTND,ZAR,TND
ZARTRY,ZAR,TRY
ZARTWD,ZAR,TWD
ZARUGX,ZAR,UGX
ZARUSD,ZAR,USD
ZARUYU,ZAR,UYU
ZMWUSD,ZMW,USD
ZMWZAR,ZMW,ZAR
